No.,date,fund,company,ticker,holding,market value($),weight(%),action,shares,% change
1,2021-04-21,ARKK,TESLA INC,TSLA,3574518.0,2570042696.82,10.95,Sell,18160.0,
2,2021-04-21,ARKK,SQUARE INC - A,SQ,5907652.0,1450328566.0,6.18,Sell,219627.0,
3,2021-04-21,ARKK,TELADOC HEALTH INC,TDOC,8069783.0,1459904442.53,6.22,Sell,41000.0,
4,2021-04-21,ARKK,ROKU INC,ROKU,3807111.0,1350953338.35,5.76,Sell,93487.0,
5,2021-04-21,ARKK,ZILLOW GROUP INC - C,Z,6585362.0,850828770.4,3.63,Sell,33460.0,
6,2021-04-21,ARKK,ZOOM VIDEO COMMUNICATIONS-A,ZM,2524457.0,812319773.46,3.46,Sell,12820.0,
7,2021-04-21,ARKK,SPOTIFY TECHNOLOGY SA,SPOT,2711985.0,735490332.0,3.13,Sell,13780.0,
8,2021-04-21,ARKK,SHOPIFY INC - CLASS A,SHOP,659689.0,740837343.89,3.16,Sell,3360.0,
9,2021-04-21,ARKK,BAIDU INC - SPON ADR,BIDU,3522757.0,732698228.43,3.12,Sell,17900.0,
10,2021-04-21,ARKK,EXACT SCIENCES CORP,EXAS,5454424.0,685184742.88,2.92,Sell,27720.0,
11,2021-04-21,ARKK,TWILIO INC - A,TWLO,1799706.0,661661910.9,2.82,Sell,9140.0,
12,2021-04-21,ARKK,UNITY SOFTWARE INC,U,6290195.0,612664993.0,2.61,Sell,31960.0,
13,2021-04-21,ARKK,CRISPR THERAPEUTICS AG,CRSP,5124944.0,623551936.48,2.66,Sell,31272.0,
14,2021-04-21,ARKK,DOCUSIGN INC,DOCU,2427977.0,532770993.11,2.27,Sell,12340.0,
15,2021-04-21,ARKK,INVITAE CORP,NVTA,14737439.0,504757285.75,2.15,Sell,89952.0,
16,2021-04-21,ARKK,10X GENOMICS INC-CLASS A,TXG,2358953.0,426357165.22,1.82,Sell,11976.0,
17,2021-04-21,ARKK,SEA LTD-ADR,SE,1601465.0,378650384.6,1.61,Sell,8140.0,
18,2021-04-21,ARKK,INTELLIA THERAPEUTICS INC,NTLA,5450967.0,367449685.47,1.57,Sell,33264.0,
19,2021-04-21,ARKK,IOVANCE BIOTHERAPEUTICS INC,IOVA,11715564.0,353458565.88,1.51,Sell,71520.0,
20,2021-04-21,ARKK,NINTENDO CO LTD-UNSPONS ADR,NTDOY,4913295.0,355624292.1,1.52,Sell,24956.0,
21,2021-04-21,ARKK,PURE STORAGE INC - CLASS A,PSTG,16625268.0,336661677.0,1.43,Sell,101496.0,
22,2021-04-21,ARKK,TWIST BIOSCIENCE CORP,TWST,2664021.0,336812175.03,1.44,Sell,16272.0,
23,2021-04-21,ARKK,KE HOLDINGS INC,BEKE,6435551.0,331559587.52,1.41,Sell,32700.0,
24,2021-04-21,ARKK,COINBASE GLOBAL INC -CLASS A,COIN,1146442.0,367801522.44,1.57,Buy,179299.0,
25,2021-04-21,ARKK,PALANTIR TECHNOLOGIES INC-A,PLTR,15318320.0,333633009.6,1.42,Buy,1074751.0,
26,2021-04-21,ARKK,TWITTER INC,TWTR,3870334.0,254280943.8,1.08,Sell,628373.0,
27,2021-04-21,ARKK,IRIDIUM COMMUNICATIONS INC,IRDM,7815063.0,280795213.59,1.2,Sell,39720.0,
28,2021-04-21,ARKK,INTERCONTINENTAL EXCHANGE IN,ICE,2442849.0,292555596.24,1.25,Sell,12420.0,
29,2021-04-21,ARKK,PROTO LABS INC,PRLB,2625075.0,268020157.5,1.14,Sell,16032.0,
30,2021-04-21,ARKK,BEAM THERAPEUTICS INC,BEAM,3845934.0,273292070.04,1.16,Buy,10687.0,
31,2021-04-21,ARKK,2U INC,TWOU,6800471.0,249509280.99,1.06,Sell,41520.0,
32,2021-04-21,ARKK,TENCENT HOLDINGS LTD-UNS ADR,TCEHY,3317201.0,260731998.6,1.11,Sell,16860.0,
33,2021-04-21,ARKK,PAGERDUTY INC,PD,6376139.0,251347399.38,1.07,Sell,38928.0,
34,2021-04-21,ARKK,FATE THERAPEUTICS INC,FATE,3210869.0,251025738.42,1.07,Sell,16320.0,
35,2021-04-21,ARKK,NOVARTIS AG-SPONSORED ADR,NVS,2771911.0,243456943.13,1.04,Sell,14080.0,
36,2021-04-21,ARKK,SYNOPSYS INC,SNPS,969518.0,242544318.06,1.03,Sell,4920.0,
37,2021-04-21,ARKK,TERADYNE INC,TER,1724286.0,214277021.22,0.91,Sell,8760.0,
38,2021-04-21,ARKK,LENDINGTREE INC,TREE UW,973350.0,211041747.0,0.9,Sell,5952.0,
39,2021-04-21,ARKK,PACCAR INC,PCAR,1802510.0,166011171.0,0.71,Sell,286975.0,
40,2021-04-21,ARKK,DRAFTKINGS INC - CL A,DKNG,3604578.0,200811040.38,0.86,Buy,197405.0,
41,2021-04-21,ARKK,EDITAS MEDICINE INC,EDIT,5618882.0,193682862.54,0.83,Sell,34296.0,
42,2021-04-21,ARKK,VERACYTE INC,VCYT,4087220.0,187889503.4,0.8,Sell,24960.0,
43,2021-04-21,ARKK,PACIFIC BIOSCIENCES OF CALIF,PACB,6126653.0,178285602.3,0.76,Sell,37392.0,
44,2021-04-21,ARKK,MATERIALISE NV-ADR,MTLS,4869238.0,145298061.92,0.62,Sell,29712.0,
45,2021-04-21,ARKK,NANOSTRING TECHNOLOGIES INC,NSTG,1970620.0,134159809.6,0.57,Sell,10020.0,
46,2021-04-21,ARKK,SERES THERAPEUTICS INC,MCRB,6785764.0,133000974.4,0.57,Sell,41424.0,
47,2021-04-21,ARKK,TRIMBLE INC,TRMB,1469873.0,116737313.66,0.5,Sell,7456.0,
48,2021-04-21,ARKK,STRATASYS LTD,SSYS,5466287.0,114300061.17,0.49,Sell,33360.0,
49,2021-04-21,ARKK,REGENERON PHARMACEUTICALS,REGN,223212.0,112592597.04,0.48,Sell,1140.0,
50,2021-04-21,ARKK,BERKELEY LIGHTS INC,BLI,2413744.0,112866669.44,0.48,Buy,64490.0,
51,2021-04-21,ARKK,HUYA INC-ADR,HUYA,5807739.0,102622748.13,0.44,Sell,35448.0,
52,2021-04-21,ARKK,CERUS CORP,CERS,16093424.0,93985596.16,0.4,Sell,98256.0,
53,2021-04-21,ARKK,TUSIMPLE HOLDINGS INC - A,TSP,3401753.0,114468988.45,0.49,Buy,735023.0,
54,2021-04-21,ARKK,COMPUGEN LTD,CGEN,8466992.0,69852684.0,0.3,Sell,51696.0,
55,2021-04-21,ARKK,SYROS PHARMACEUTICALS INC,SYRS,4268624.0,25953233.92,0.11,Sell,26064.0,
56,2021-04-21,ARKQ,TESLA INC,TSLA,532841.0,383107350.59,11.79,Sell,3345.0,
57,2021-04-21,ARKQ,TRIMBLE INC,TRMB,2415276.0,191821219.92,5.9,Sell,15155.0,
58,2021-04-21,ARKQ,BAIDU INC - SPON ADR,BIDU,789698.0,164249287.02,5.05,Sell,4955.0,
59,2021-04-21,ARKQ,JD.COM INC-ADR,JD,2150079.0,160288389.45,4.93,Sell,13490.0,
60,2021-04-21,ARKQ,ALPHABET INC-CL C,GOOG,69016.0,158297168.08,4.87,Sell,430.0,
61,2021-04-21,ARKQ,KRATOS DEFENSE & SECURITY,KTOS,5739625.0,148541495.0,4.57,Sell,36015.0,
62,2021-04-21,ARKQ,DEERE & CO,DE,305996.0,113301138.92,3.49,Sell,1920.0,
63,2021-04-21,ARKQ,NXP SEMICONDUCTORS NV,NXPI,583349.0,113088037.14,3.48,Sell,3660.0,
64,2021-04-21,ARKQ,TERADYNE INC,TER,864306.0,107407306.62,3.31,Sell,5425.0,
65,2021-04-21,ARKQ,KOMATSU LTD -SPONS ADR,KMTUY,3430181.0,101190339.5,3.11,Sell,21525.0,
66,2021-04-21,ARKQ,NVIDIA CORP,NVDA,152534.0,92565257.9,2.85,Sell,13673.0,
67,2021-04-21,ARKQ,LOCKHEED MARTIN CORP,LMT,244590.0,94737044.7,2.92,Sell,1535.0,
68,2021-04-21,ARKQ,TELEDYNE TECHNOLOGIES INC,TDY,212061.0,90261644.04,2.78,Sell,1330.0,
69,2021-04-21,ARKQ,IRIDIUM COMMUNICATIONS INC,IRDM,2479771.0,89098172.03,2.74,Buy,114719.0,
70,2021-04-21,ARKQ,CATERPILLAR INC,CAT,324729.0,73918062.27,2.27,Sell,2040.0,
71,2021-04-21,ARKQ,MAGNA INTERNATIONAL INC,MGA,710677.0,65602593.87,2.02,Sell,4460.0,
72,2021-04-21,ARKQ,NIU TECHNOLOGIES-SPONS ADR,NIU,1962757.0,66596345.01,2.05,Buy,48454.0,
73,2021-04-21,ARKQ,BYD CO LTD-UNSPONSORED ADR,BYDDY,1240663.0,57566763.2,1.77,Sell,7785.0,
74,2021-04-21,ARKQ,NANO DIMENSION LTD - ADR,NNDM,8543696.0,61001989.44,1.88,Sell,53605.0,
75,2021-04-21,ARKQ,WORKHORSE GROUP INC,WKHS,4781598.0,58670207.46,1.81,Buy,290462.0,
76,2021-04-21,ARKQ,UNITY SOFTWARE INC,U,569452.0,55464624.8,1.71,Sell,3575.0,
77,2021-04-21,ARKQ,MATERIALISE NV-ADR,MTLS,1767749.0,52749630.16,1.62,Sell,11095.0,
78,2021-04-21,ARKQ,RAVEN INDUSTRIES INC,RAVN,1380867.0,51768703.83,1.59,Sell,8665.0,
79,2021-04-21,ARKQ,AEROVIRONMENT INC,AVAV,498635.0,51100114.8,1.57,Sell,3130.0,
80,2021-04-21,ARKQ,VUZIX CORP,VUZI,2094529.0,43105406.82,1.33,Sell,13145.0,
81,2021-04-21,ARKQ,3D SYSTEMS CORP,DDD,2696178.0,52171044.3,1.61,Buy,354595.0,
82,2021-04-21,ARKQ,ELBIT SYSTEMS LTD,ESLT,293728.0,41577198.4,1.28,Sell,1845.0,
83,2021-04-21,ARKQ,INTUITIVE SURGICAL INC,ISRG,50107.0,40642288.77,1.25,Sell,315.0,
84,2021-04-21,ARKQ,2U INC,TWOU,1038254.0,38093539.26,1.17,Sell,6515.0,
85,2021-04-21,ARKQ,TENCENT HOLDINGS LTD-UNS ADR,TCEHY,499369.0,39250403.4,1.21,Sell,3135.0,
86,2021-04-21,ARKQ,VIRGIN GALACTIC HOLDINGS INC,SPCE,1753323.0,36784716.54,1.13,Sell,11005.0,
87,2021-04-21,ARKQ,ANSYS INC,ANSS,104490.0,38132580.6,1.17,Sell,655.0,
88,2021-04-21,ARKQ,SYNOPSYS INC,SNPS,147084.0,36796004.28,1.13,Sell,925.0,
89,2021-04-21,ARKQ,PACCAR INC,PCAR,383944.0,35361242.4,1.09,Sell,2410.0,
90,2021-04-21,ARKQ,ALIBABA GROUP HOLDING-SP ADR,BABA,143539.0,32996745.32,1.02,Sell,900.0,
91,2021-04-21,ARKQ,EXPERIENCE INVESTMENT CORP-A,EXPC,2758842.0,27560831.58,0.85,Sell,17315.0,
92,2021-04-21,ARKQ,STRATASYS LTD,SSYS,1275861.0,26678253.51,0.82,Sell,8010.0,
93,2021-04-21,ARKQ,TUSIMPLE HOLDINGS INC - A,TSP,723089.0,24331944.85,0.75,Sell,4540.0,
94,2021-04-21,ARKQ,PROTO LABS INC,PRLB,223628.0,22832418.8,0.7,Sell,1405.0,
95,2021-04-21,ARKQ,AUTODESK INC,ADSK,74494.0,21332101.84,0.66,Sell,470.0,
96,2021-04-21,ARKQ,ONE - CLASS A,AONE,2114543.0,21145430.0,0.65,Sell,13270.0,
97,2021-04-21,ARKQ,EXONE CO/THE,XONE,862054.0,18922085.3,0.58,Sell,5410.0,
98,2021-04-21,ARKQ,JAWS SPITFIRE ACQUISITION-A,SPFR,2048957.0,20694465.7,0.64,Buy,383505.0,
99,2021-04-21,ARKQ,XILINX INC,XLNX,48880.0,6042545.6,0.19,Sell,82320.0,
100,2021-04-21,ARKQ,ATLAS CREST INVESTMENT COR-A,ACIC,1645617.0,16225783.62,0.5,Sell,10330.0,
101,2021-04-21,ARKQ,TAIWAN SEMICONDUCTOR-SP ADR,TSM,5336.0,613373.2,0.02,Sell,63758.0,
102,2021-04-21,ARKQ,ORGANOVO HOLDINGS INC,ONVO ,170361.0,1301558.04,0.04,Sell,1070.0,
103,2021-04-21,ARKW,TESLA INC,TSLA,997881.0,717466460.19,10.68,Buy,4392.0,
104,2021-04-21,ARKW,SQUARE INC - A,SQ,1642381.0,403204535.5,6.0,Sell,37076.0,
105,2021-04-21,ARKW,GRAYSCALE BITCOIN TRUST BTC,GBTC,7739589.0,363838078.89,5.42,Buy,34064.0,
106,2021-04-21,ARKW,TELADOC HEALTH INC,TDOC,1615487.0,292257753.17,4.35,Buy,7112.0,
107,2021-04-21,ARKW,SHOPIFY INC - CLASS A,SHOP,227490.0,255473544.9,3.8,Buy,1000.0,
108,2021-04-21,ARKW,ROKU INC,ROKU,685672.0,243310709.2,3.62,Buy,3020.0,
109,2021-04-21,ARKW,SPOTIFY TECHNOLOGY SA,SPOT,885055.0,240026916.0,3.57,Buy,3896.0,
110,2021-04-21,ARKW,TWITTER INC,TWTR,2951474.0,193911841.8,2.89,Buy,12992.0,
111,2021-04-21,ARKW,ZOOM VIDEO COMMUNICATIONS-A,ZM,563157.0,181212659.46,2.7,Buy,2480.0,
112,2021-04-21,ARKW,ZILLOW GROUP INC - C,Z,1332799.0,172197630.8,2.56,Buy,5868.0,
113,2021-04-21,ARKW,SEA LTD-ADR,SE,698510.0,165155704.4,2.46,Buy,3076.0,
114,2021-04-21,ARKW,UNITY SOFTWARE INC,U,1746333.0,170092834.2,2.53,Buy,7688.0,
115,2021-04-21,ARKW,TWILIO INC - A,TWLO,448597.0,164926687.05,2.46,Buy,1976.0,
116,2021-04-21,ARKW,TRADE DESK INC/THE -CLASS A,TTD,231752.0,158998094.64,2.37,Buy,1020.0,
117,2021-04-21,ARKW,PAYPAL HOLDINGS INC,PYPL,537135.0,142034608.05,2.11,Buy,2364.0,
118,2021-04-21,ARKW,JD.COM INC-ADR,JD,1847436.0,137726353.8,2.05,Buy,8132.0,
119,2021-04-21,ARKW,INTERCONTINENTAL EXCHANGE IN,ICE,785489.0,94070162.64,1.4,Sell,356218.0,
120,2021-04-21,ARKW,PELOTON INTERACTIVE INC-A,PTON,1259084.0,134092446.0,2.0,Buy,13773.0,
121,2021-04-21,ARKW,OPENDOOR TECHNOLOGIES INC,OPEN,6643846.0,109224828.24,1.63,Buy,29240.0,
122,2021-04-21,ARKW,DOCUSIGN INC,DOCU,505141.0,110843089.63,1.65,Buy,2224.0,
123,2021-04-21,ARKW,BAIDU INC - SPON ADR,BIDU,526702.0,109548748.98,1.63,Buy,2320.0,
124,2021-04-21,ARKW,PALANTIR TECHNOLOGIES INC-A,PLTR,5044920.0,109878357.6,1.64,Buy,22204.0,
125,2021-04-21,ARKW,PURE STORAGE INC - CLASS A,PSTG,3951205.0,80011901.25,1.19,Sell,532167.0,
126,2021-04-21,ARKW,FASTLY INC - CLASS A,FSLY,1392192.0,92525080.32,1.38,Buy,6128.0,
127,2021-04-21,ARKW,COINBASE GLOBAL INC -CLASS A,COIN,329599.0,105741951.18,1.57,Buy,53393.0,
128,2021-04-21,ARKW,DRAFTKINGS INC - CL A,DKNG,1914371.0,106649608.41,1.59,Buy,310640.0,
129,2021-04-21,ARKW,KE HOLDINGS INC,BEKE,1731552.0,89209559.04,1.33,Buy,7620.0,
130,2021-04-21,ARKW,ADYEN NV-UNSPON ADR,ADYEY,1738884.0,83675098.08,1.25,Buy,7652.0,
131,2021-04-21,ARKW,SKILLZ INC,SKLZ,5838781.0,73276701.55,1.09,Buy,25696.0,
132,2021-04-21,ARKW,AGORA INC-ADR,API,1466057.0,79606895.1,1.19,Buy,6452.0,
133,2021-04-21,ARKW,HUBSPOT INC,HUBS,158514.0,78894002.94,1.17,Buy,696.0,
134,2021-04-21,ARKW,SNAP INC - A,SNAP,1259846.0,73688392.54,1.1,Buy,5544.0,
135,2021-04-21,ARKW,NVIDIA CORP,NVDA,123354.0,74857374.9,1.11,Buy,544.0,
136,2021-04-21,ARKW,PAGERDUTY INC,PD,1806109.0,71196816.78,1.06,Hold,0.0,-3.1687546057479725
137,2021-04-21,ARKW,SILVERGATE CAPITAL CORP-CL A,SI,581687.0,70174719.68,1.04,Buy,2560.0,
138,2021-04-21,ARKW,TENCENT HOLDINGS LTD-UNS ADR,TCEHY,956786.0,75203379.6,1.12,Buy,56480.0,
139,2021-04-21,ARKW,NETFLIX INC,NFLX,128105.0,70402664.85,1.05,Buy,564.0,
140,2021-04-21,ARKW,PINTEREST INC- CLASS A,PINS,952878.0,67959258.96,1.01,Buy,4196.0,
141,2021-04-21,ARKW,CROWDSTRIKE HOLDINGS INC - A,CRWD,324485.0,67038601.0,1.0,Buy,1428.0,
142,2021-04-21,ARKW,PINDUODUO INC-ADR,PDD,519229.0,65220354.69,0.97,Buy,2284.0,
143,2021-04-21,ARKW,HUYA INC-ADR,HUYA,3783524.0,66854869.08,1.0,Hold,0.0,-1.6694490818030094
144,2021-04-21,ARKW,CLOUDFLARE INC - CLASS A,NET,915270.0,66256395.3,0.99,Buy,4028.0,
145,2021-04-21,ARKW,LENDINGCLUB CORP,LC,4616020.0,62408590.4,0.93,Hold,0.0,-4.384724186704383
146,2021-04-21,ARKW,VERACYTE INC,VCYT,1386700.0,63746599.0,0.95,Hold,0.0,1.4566320900463474
147,2021-04-21,ARKW,2U INC,TWOU,1586522.0,58209492.18,0.87,Hold,0.0,-5.46250966245813
148,2021-04-21,ARKW,MERCADOLIBRE INC,MELI,38623.0,59224894.43,0.88,Buy,168.0,
149,2021-04-21,ARKW,NINTENDO CO LTD-UNSPONS ADR,NTDOY,832098.0,60227253.24,0.9,Buy,3664.0,
150,2021-04-21,ARKW,LENDINGTREE INC,TREE UW,254750.0,55234895.0,0.82,Hold,0.0,-0.6825156886995557
151,2021-04-21,ARKW,NANO DIMENSION LTD - ADR,NNDM,5473938.0,39083917.32,0.58,Buy,24096.0,
152,2021-04-21,ARKW,ROBLOX CORP -CLASS A,RBLX,738771.0,51152504.04,0.76,Buy,239018.0,
153,2021-04-21,ARKW,OKTA INC,OKTA,74155.0,19710399.0,0.29,Buy,1260.0,
154,2021-04-21,ARKW,SYNOPSYS INC,SNPS,2622.0,655945.74,0.01,Buy,12.0,
155,2021-04-21,ARKG,TELADOC HEALTH INC,TDOC,3803948.0,688172232.68,7.39,Sell,6976.0,
156,2021-04-21,ARKG,EXACT SCIENCES CORP,EXAS,3741849.0,470051071.38,5.04,Sell,6864.0,
157,2021-04-21,ARKG,REGENERON PHARMACEUTICALS,REGN,942854.0,475594414.68,5.1,Sell,1728.0,
158,2021-04-21,ARKG,PACIFIC BIOSCIENCES OF CALIF,PACB,14061160.0,409179756.0,4.39,Sell,25788.0,
159,2021-04-21,ARKG,NOVARTIS AG-SPONSORED ADR,NVS,4343174.0,381460972.42,4.09,Sell,65672.0,
160,2021-04-21,ARKG,VERTEX PHARMACEUTICALS INC,VRTX,1746823.0,384580551.68,4.13,Sell,3204.0,
161,2021-04-21,ARKG,TWIST BIOSCIENCE CORP,TWST,2982610.0,377091382.3,4.05,Sell,5468.0,
162,2021-04-21,ARKG,ROCHE HOLDINGS LTD-SPONS ADR,RHHBY,7997699.0,336063311.98,3.61,Sell,108540.0,
163,2021-04-21,ARKG,CAREDX INC,CDNA,4533790.0,324438012.4,3.48,Sell,8316.0,
164,2021-04-21,ARKG,TAKEDA PHARMACEUTIC-SP ADR,TAK UN,19020822.0,320310642.48,3.44,Sell,34884.0,
165,2021-04-21,ARKG,FATE THERAPEUTICS INC,FATE,3836194.0,299913646.92,3.22,Sell,7036.0,
166,2021-04-21,ARKG,INCYTE CORP,INCY,3037973.0,256921376.61,2.76,Sell,5572.0,
167,2021-04-21,ARKG,10X GENOMICS INC-CLASS A,TXG,1341272.0,242421501.28,2.6,Sell,2460.0,
168,2021-04-21,ARKG,ACCOLADE INC,ACCD,5428106.0,240736501.1,2.58,Sell,9956.0,
169,2021-04-21,ARKG,IOVANCE BIOTHERAPEUTICS INC,IOVA,7674181.0,231530040.77,2.48,Sell,14072.0,
170,2021-04-21,ARKG,VEEVA SYSTEMS INC-CLASS A,VEEV,852441.0,229178762.85,2.46,Sell,1564.0,
171,2021-04-21,ARKG,CRISPR THERAPEUTICS AG,CRSP,1920364.0,233650687.88,2.51,Sell,3520.0,
172,2021-04-21,ARKG,IONIS PHARMACEUTICALS INC,IONS,5318288.0,218900734.08,2.35,Buy,80696.0,
173,2021-04-21,ARKG,SCHRODINGER INC,SDGR,2604706.0,182407561.18,1.96,Sell,4776.0,
174,2021-04-21,ARKG,INVITAE CORP,NVTA,5144207.0,176189089.75,1.89,Sell,9436.0,
175,2021-04-21,ARKG,CASTLE BIOSCIENCES INC,CSTL,2640096.0,160148223.36,1.72,Sell,4840.0,
176,2021-04-21,ARKG,ADAPTIVE BIOTECHNOLOGIES,ADPT,3715857.0,149749037.1,1.61,Sell,6816.0,
177,2021-04-21,ARKG,PURE STORAGE INC - CLASS A,PSTG,7249954.0,146811568.5,1.58,Sell,13296.0,
178,2021-04-21,ARKG,CODEXIS INC,CDXS,6385656.0,146167665.84,1.57,Sell,11712.0,
179,2021-04-21,ARKG,BERKELEY LIGHTS INC,BLI,3127825.0,146257097.0,1.57,Sell,5736.0,
180,2021-04-21,ARKG,BRISTOL-MYERS SQUIBB CO,BMY,2214724.0,146348961.92,1.57,Sell,4060.0,
181,2021-04-21,ARKG,SAREPTA THERAPEUTICS INC,SRPT,1891058.0,134832435.4,1.45,Sell,3468.0,
182,2021-04-21,ARKG,BEAM THERAPEUTICS INC,BEAM,1820857.0,129390098.42,1.39,Sell,3340.0,
183,2021-04-21,ARKG,INTELLIA THERAPEUTICS INC,NTLA,1813516.0,122249113.56,1.31,Sell,3324.0,
184,2021-04-21,ARKG,ARCTURUS THERAPEUTICS HOLDIN,ARCT UQ,3275498.0,120014246.72,1.29,Sell,6008.0,
185,2021-04-21,ARKG,PERSONALIS INC,PSNL,5609920.0,118425411.2,1.27,Sell,10288.0,
186,2021-04-21,ARKG,THERMO FISHER SCIENTIFIC INC,TMO,241514.0,116496693.04,1.25,Sell,2625.0,
187,2021-04-21,ARKG,GUARDANT HEALTH INC,GH,714804.0,106841753.88,1.15,Sell,1312.0,
188,2021-04-21,ARKG,NANOSTRING TECHNOLOGIES INC,NSTG,1348156.0,91782460.48,0.99,Sell,2472.0,
189,2021-04-21,ARKG,CELLECTIS - ADR,CLLS,5024213.0,91139223.82,0.98,Sell,9212.0,
190,2021-04-21,ARKG,BUTTERFLY NETWORK INC,BFLY,6607277.0,87149983.63,0.94,Sell,12116.0,
191,2021-04-21,ARKG,VERACYTE INC,VCYT,1697341.0,78026765.77,0.84,Sell,3112.0,
192,2021-04-21,ARKG,908 DEVICES INC,MASS,1281255.0,65305567.35,0.7,Sell,2348.0,
193,2021-04-21,ARKG,ABBVIE INC,ABBV,562429.0,61321633.87,0.66,Sell,1032.0,
194,2021-04-21,ARKG,CM LIFE SCIENCES INC-CLASS A,CMLF,4340429.0,58422174.34,0.63,Sell,7960.0,
195,2021-04-21,ARKG,SERES THERAPEUTICS INC,MCRB,2957222.0,57961551.2,0.62,Sell,5424.0,
196,2021-04-21,ARKG,SIGNIFY HEALTH INC -CLASS A,SGFY,2094539.0,54227614.71,0.58,Sell,3840.0,
197,2021-04-21,ARKG,EDITAS MEDICINE INC,EDIT,1508212.0,51988067.64,0.56,Sell,2764.0,
198,2021-04-21,ARKG,REPARE THERAPEUTICS INC,RPTX,1430870.0,45701987.8,0.49,Sell,2624.0,
199,2021-04-21,ARKG,1LIFE HEALTHCARE INC,ONEM,1116459.0,46143250.47,0.5,Sell,2048.0,
200,2021-04-21,ARKG,SEER INC,SEER,864236.0,41751241.16,0.45,Sell,1584.0,
201,2021-04-21,ARKG,PHREESIA INC,PHR,831172.0,40527946.72,0.43,Sell,1524.0,
202,2021-04-21,ARKG,CERUS CORP,CERS,6787106.0,39636699.04,0.43,Sell,12448.0,
203,2021-04-21,ARKG,AQUABOUNTY TECHNOLOGIES,AQB,7174181.0,38740577.4,0.42,Sell,13156.0,
204,2021-04-21,ARKG,COMPUGEN LTD,CGEN,4761935.0,39285963.75,0.42,Sell,8736.0,
205,2021-04-21,ARKG,RECURSION PHARMACEUTICALS-A,RXRX,1084693.0,32475708.42,0.35,Buy,3274.0,
206,2021-04-21,ARKG,SURFACE ONCOLOGY INC,SURF,4162762.0,26849814.9,0.29,Sell,7636.0,
207,2021-04-21,ARKG,EVOGENE LTD,EVGN,3814795.0,15907695.15,0.17,Sell,6996.0,
208,2021-04-21,ARKG,SYROS PHARMACEUTICALS INC,SYRS,2158865.0,13125899.2,0.14,Sell,3960.0,
209,2021-04-21,ARKG,PLURISTEM THERAPEUTICS INC,PSTI,2590167.0,11034111.42,0.12,Sell,4752.0,
210,2021-04-21,ARKG,ORGANOVO HOLDINGS INC,ONVO ,311438.0,2379386.32,0.03,Sell,572.0,
211,2021-04-21,ARKF,SQUARE INC - A,SQ,1825306.0,448112623.0,10.74,Sell,6822.0,
212,2021-04-21,ARKF,SEA LTD-ADR,SE,779886.0,184396245.84,4.42,Sell,2916.0,
213,2021-04-21,ARKF,ZILLOW GROUP INC - C,Z,1422647.0,183805992.4,4.4,Sell,5316.0,
214,2021-04-21,ARKF,PAYPAL HOLDINGS INC,PYPL,700397.0,185205978.71,4.44,Sell,2622.0,
215,2021-04-21,ARKF,SHOPIFY INC - CLASS A,SHOP,150628.0,169156750.28,4.05,Sell,564.0,
216,2021-04-21,ARKF,SILVERGATE CAPITAL CORP-CL A,SI,1282767.0,154753010.88,3.71,Sell,4794.0,
217,2021-04-21,ARKF,PINTEREST INC- CLASS A,PINS,2141480.0,152730353.6,3.66,Sell,8004.0,
218,2021-04-21,ARKF,INTERCONTINENTAL EXCHANGE IN,ICE,1283061.0,153659385.36,3.68,Sell,4800.0,
219,2021-04-21,ARKF,ADYEN NV,ADYEN,58786.0,140141839.76,3.36,Sell,222.0,
220,2021-04-21,ARKF,TENCENT HOLDINGS LTD-UNS ADR,TCEHY,1656739.0,130219685.4,3.12,Sell,6192.0,
221,2021-04-21,ARKF,MERCADOLIBRE INC,MELI,80078.0,122792405.98,2.94,Sell,300.0,
222,2021-04-21,ARKF,ZHONGAN ONLINE P&C INSURAN-H,6060,19384538.0,117886963.26,2.82,Sell,72600.0,
223,2021-04-21,ARKF,SNAP INC - A,SNAP,1914310.0,111967991.9,2.68,Sell,7158.0,
224,2021-04-21,ARKF,YEAHKA LTD,9923,14365600.0,123642722.5,2.96,Sell,52800.0,
225,2021-04-21,ARKF,TWILIO INC - A,TWLO,299722.0,110192793.3,2.64,Sell,1122.0,
226,2021-04-21,ARKF,ALIBABA GROUP HOLDING-SP ADR,BABA,452788.0,104086905.44,2.49,Sell,1692.0,
227,2021-04-21,ARKF,OPENDOOR TECHNOLOGIES INC,OPEN,6151293.0,101127256.92,2.42,Buy,115506.0,
228,2021-04-21,ARKF,FACEBOOK INC-CLASS A,FB,313000.0,94729450.0,2.27,Sell,1170.0,
229,2021-04-21,ARKF,DOCUSIGN INC,DOCU,406006.0,89089896.58,2.13,Sell,1518.0,
230,2021-04-21,ARKF,MEITUAN-CLASS B,3690,2349865.0,88892944.31,2.13,Buy,7883.0,
231,2021-04-21,ARKF,WORKDAY INC-CLASS A,WDAY,331829.0,82930703.68,1.99,Sell,1242.0,
232,2021-04-21,ARKF,JD.COM INC-ADR,JD,1164863.0,86840536.65,2.08,Buy,84287.0,
233,2021-04-21,ARKF,APPLE INC,AAPL,605671.0,80620866.81,1.93,Sell,2268.0,
234,2021-04-21,ARKF,TCS GROUP HOLDING-GDR REG S,TCS LI,1365429.0,78211773.12,1.87,Sell,5106.0,
235,2021-04-21,ARKF,Z HOLDINGS CORP,4689,14634230.0,76078769.83,1.82,Sell,54600.0,
236,2021-04-21,ARKF,INTUIT INC,INTU,181485.0,73568574.45,1.76,Sell,678.0,
237,2021-04-21,ARKF,PINDUODUO INC-ADR,PDD,578965.0,72723793.65,1.74,Buy,30997.0,
238,2021-04-21,ARKF,BASE INC,4477,2856800.0,57091067.22,1.37,Sell,10800.0,
239,2021-04-21,ARKF,COINBASE GLOBAL INC -CLASS A,COIN,174113.0,55858932.66,1.34,Sell,654.0,
240,2021-04-21,ARKF,DISCOVERY LTD,DSY,5558107.0,53441730.48,1.28,Sell,20778.0,
241,2021-04-21,ARKF,TELADOC HEALTH INC,TDOC,287364.0,51987021.24,1.25,Sell,1074.0,
242,2021-04-21,ARKF,PING AN HEALTHCARE AND TECHN,1833,4090400.0,51332576.58,1.23,Sell,15600.0,
243,2021-04-21,ARKF,SCHWAB (CHARLES) CORP,SCHW,722652.0,46025705.88,1.1,Sell,2706.0,
244,2021-04-21,ARKF,DRAFTKINGS INC - CL A,DKNG,816348.0,45478747.08,1.09,Sell,3054.0,
245,2021-04-21,ARKF,AMAZON.COM INC,AMZN,13544.0,45165041.36,1.08,Sell,48.0,
246,2021-04-21,ARKF,KE HOLDINGS INC,BEKE,860861.0,44351558.72,1.06,Sell,3222.0,
247,2021-04-21,ARKF,GUIDEWIRE SOFTWARE INC,GWRE,415021.0,42987875.18,1.03,Sell,1554.0,
248,2021-04-21,ARKF,LENDINGCLUB CORP,LC,2752800.0,37217856.0,0.89,Sell,10296.0,
249,2021-04-21,ARKF,HDFC BANK LTD-ADR,HDB,554680.0,38017767.2,0.91,Sell,2076.0,
250,2021-04-21,ARKF,BILL.COM HOLDINGS INC,BILL,171696.0,25570685.28,0.61,Sell,642.0,
251,2021-04-21,ARKF,MARKETAXESS HOLDINGS INC,MKTX,33666.0,17813353.92,0.43,Sell,126.0,
252,2021-04-21,ARKF,NVIDIA CORP,NVDA,8842.0,5365767.7,0.13,Sell,19408.0,
253,2021-04-21,ARKF,LENDINGTREE INC,TREE UW,51926.0,11258595.32,0.27,Sell,28190.0,
254,2021-04-21,ARKF,JSC KASPI.KZ GDR-REG S,KSPI,154865.0,12869281.5,0.31,Sell,582.0,
255,2021-04-21,ARKX,TRIMBLE INC,TRMB,762946.0,60593171.32,9.01,Hold,0.0,-1.9142892429294753
256,2021-04-21,ARKX,THE 3D PRINTING ETF,PRNT,1079680.0,40466406.4,6.02,Hold,0.0,-0.7940709370037057
257,2021-04-21,ARKX,KRATOS DEFENSE & SECURITY,KTOS,1453834.0,37625223.92,5.6,Hold,0.0,-4.21909696521095
258,2021-04-21,ARKX,L3HARRIS TECHNOLOGIES INC,LHX,168353.0,35387800.6,5.26,Hold,0.0,0.22409764935871027
259,2021-04-21,ARKX,JD.COM INC-ADR,JD,447137.0,33334063.35,4.96,Hold,0.0,-3.118908382066268
260,2021-04-21,ARKX,KOMATSU LTD,6301,1002188.0,30088356.94,4.48,Hold,0.0,-3.6290195971817614
261,2021-04-21,ARKX,LOCKHEED MARTIN CORP,LMT,77987.0,30206704.71,4.49,Hold,0.0,-1.1232226278303958
262,2021-04-21,ARKX,IRIDIUM COMMUNICATIONS INC,IRDM,790081.0,28387610.33,4.22,Hold,0.0,-6.602547439563303
263,2021-04-21,ARKX,THALES SA,HO,270652.0,27508806.37,4.09,Hold,0.0,-2.2736034428570138
264,2021-04-21,ARKX,BOEING CO/THE,BA,96888.0,22677605.28,3.37,Hold,0.0,-4.132705304116314
265,2021-04-21,ARKX,AMAZON.COM INC,AMZN,6672.0,22249051.68,3.31,Hold,0.0,-1.1067582836349794
266,2021-04-21,ARKX,ALPHABET INC-CL C,GOOG,9338.0,21417916.94,3.19,Hold,0.0,-0.38090687977761367
267,2021-04-21,ARKX,SPIRIT AEROSYSTEMS HOLD-CL A,SPR,453624.0,20258847.84,3.01,Hold,0.0,-3.270521983972269
268,2021-04-21,ARKX,NVIDIA CORP,NVDA,33567.0,20370133.95,3.03,Hold,0.0,-1.2400930883525598
269,2021-04-21,ARKX,DASSAULT SYSTEMES SE,DSY,80452.0,18453092.97,2.75,Hold,0.0,-0.7578376332767098
270,2021-04-21,ARKX,TELEDYNE TECHNOLOGIES INC,TDY,42801.0,18217817.64,2.71,Hold,0.0,-0.8294501397949601
271,2021-04-21,ARKX,TERADYNE INC,TER,141544.0,17589672.88,2.62,Hold,0.0,-1.622862571247621
272,2021-04-21,ARKX,DEERE & CO,DE,37153.0,13756641.31,2.05,Hold,0.0,-2.7447993275898273
273,2021-04-21,ARKX,RAVEN INDUSTRIES INC,RAVN,338703.0,12697975.47,1.89,Hold,0.0,-2.9259451061626005
274,2021-04-21,ARKX,GARMIN LTD,GRMN U,92145.0,12734439.0,1.89,Hold,0.0,-1.672002845962291
275,2021-04-21,ARKX,AIRBUS SE,AIR,95747.0,11284821.75,1.68,Hold,0.0,-4.662401790753759
276,2021-04-21,ARKX,WORKHORSE GROUP INC,WKHS,900187.0,11045294.49,1.64,Hold,0.0,-2.6190476190476106
277,2021-04-21,ARKX,ALIBABA GROUP HOLDING-SP ADR,BABA,47434.0,10904127.92,1.62,Hold,0.0,-2.0870602265951073
278,2021-04-21,ARKX,NETFLIX INC,NFLX,19266.0,10588015.62,1.58,Hold,0.0,-0.8783637544188725
279,2021-04-21,ARKX,ELBIT SYSTEMS LTD,ESLT,71455.0,10114455.25,1.5,Hold,0.0,-0.8614651912032534
280,2021-04-21,ARKX,REINVENT TECHNOLOGY-CLASS A,RTP,1054120.0,10488494.0,1.56,Buy,120300.0,
281,2021-04-21,ARKX,HEICO CORP,HEI,62114.0,8241285.52,1.23,Hold,0.0,-0.8074162679425851
282,2021-04-21,ARKX,HONEYWELL INTERNATIONAL INC,HON,34794.0,7909720.02,1.18,Hold,0.0,-1.5759622461791594
283,2021-04-21,ARKX,JAWS SPITFIRE ACQUISITION-A,SPFR,776632.0,7843983.2,1.17,Hold,0.0,-0.9803921568627474
284,2021-04-21,ARKX,ANSYS INC,ANSS,20017.0,7305003.98,1.09,Hold,0.0,0.1289543721019593
285,2021-04-21,ARKX,MEITUAN-CLASS B,3690,196971.0,7451207.68,1.11,Buy,3717.0,
286,2021-04-21,ARKX,AEROVIRONMENT INC,AVAV,67733.0,6941277.84,1.03,Hold,0.0,-3.0280090840272598
287,2021-04-21,ARKX,VIRGIN GALACTIC HOLDINGS INC,SPCE,315781.0,6625085.38,0.99,Hold,0.0,-6.589492430988422
288,2021-04-21,ARKX,XILINX INC,XLNX,54774.0,6771161.88,1.01,Hold,0.0,-2.5847123719464107
289,2021-04-21,ARKX,SYNOPSYS INC,SNPS,27455.0,6868417.35,1.02,Hold,0.0,-0.18751994893074542
290,2021-04-21,ARKX,TENCENT HOLDINGS LTD-UNS ADR,TCEHY,84258.0,6622678.8,0.99,Hold,0.0,-1.2686848385881182
291,2021-04-21,ARKX,AUTODESK INC,ADSK,20115.0,5760131.4,0.86,Hold,0.0,-1.3232253618194285
292,2021-04-21,ARKX,ATLAS CREST INVESTMENT COR-A,ACIC,443776.0,4375631.36,0.65,Hold,0.0,-0.10131712259371323
293,2021-04-21,PRNT,EXONE CO/THE,XONE,1513824.0,33228436.8,5.76,Sell,14934.0,
294,2021-04-21,PRNT,MGI DIGITAL GRAPHIC TECHNOLO,ALMDG,471636.0,27924247.51,4.84,Buy,299.0,
295,2021-04-21,PRNT,RENISHAW PLC,RSW,318150.0,28174287.92,4.88,Sell,3138.0,
296,2021-04-21,PRNT,SLM SOLUTIONS GROUP AG,AM3D,1289452.0,29762075.33,5.16,Buy,35944.0,
297,2021-04-21,PRNT,HP INC,HPQ,839263.0,28006206.31,4.85,Sell,8280.0,
298,2021-04-21,PRNT,STRAUMANN HOLDING AG-REG,STMN,20910.0,27790977.57,4.82,Sell,204.0,
299,2021-04-21,PRNT,ALTAIR ENGINEERING INC - A,ALTR,432016.0,27627423.2,4.79,Sell,4260.0,
300,2021-04-21,PRNT,DASSAULT SYSTEMES SE,DSY,116244.0,26662622.93,4.62,Sell,1146.0,
301,2021-04-21,PRNT,MICROSOFT CORP,MSFT,102531.0,26479656.06,4.59,Sell,1011.0,
302,2021-04-21,PRNT,TRIMBLE INC,TRMB,324271.0,25753602.82,4.46,Sell,3198.0,
303,2021-04-21,PRNT,ANSYS INC,ANSS,71023.0,25919133.62,4.49,Sell,699.0,
304,2021-04-21,PRNT,AUTODESK INC,ADSK,89024.0,25492912.64,4.42,Sell,876.0,
305,2021-04-21,PRNT,3D SYSTEMS CORP,DDD,1342762.0,25982444.7,4.5,Sell,13245.0,
306,2021-04-21,PRNT,PTC INC,PTC,180322.0,25639985.18,4.44,Sell,1779.0,
307,2021-04-21,PRNT,STRATASYS LTD,SSYS,732091.0,15308022.81,2.65,Sell,7221.0,
308,2021-04-21,PRNT,PROTO LABS INC,PRLB,131787.0,13455452.7,2.33,Sell,1299.0,
309,2021-04-21,PRNT,DESKTOP METAL INC-A,DM,1112425.0,12514781.25,2.17,Sell,10974.0,
310,2021-04-21,PRNT,NANO DIMENSION LTD - ADR,NNDM,1966537.0,14041074.18,2.43,Sell,19401.0,
311,2021-04-21,PRNT,MATERIALISE NV-ADR,MTLS,338283.0,10094364.72,1.75,Sell,3336.0,
312,2021-04-21,PRNT,FARO TECHNOLOGIES INC,FARO,92887.0,7984566.52,1.38,Sell,915.0,
313,2021-04-21,PRNT,HEXAGON AB-B SHS,HEXAB,77727.0,7679151.79,1.33,Sell,765.0,
314,2021-04-21,PRNT,ALIGN TECHNOLOGY INC,ALGN,12769.0,7612877.8,1.32,Sell,123.0,
315,2021-04-21,PRNT,AMETEK INC,AME,58304.0,7631410.56,1.32,Sell,573.0,
316,2021-04-21,PRNT,SIEMENS AG-REG,SIE,32116.0,5421589.54,0.94,Sell,315.0,
317,2021-04-21,PRNT,LINCOLN ELECTRIC HOLDINGS,LECO,43736.0,5446444.08,0.94,Sell,429.0,
318,2021-04-21,PRNT,AEROJET ROCKETDYNE HOLDINGS,AJRD,111303.0,5375934.9,0.93,Sell,1098.0,
319,2021-04-21,PRNT,MICHELIN (CGDE),ML,36377.0,5369129.28,0.93,Sell,357.0,
320,2021-04-21,PRNT,BERTRANDT AG,BDT,95472.0,5233278.3,0.91,Sell,939.0,
321,2021-04-21,PRNT,STRYKER CORP,SYK,20958.0,5416175.94,0.94,Sell,204.0,
322,2021-04-21,PRNT,OC OERLIKON CORP AG-REG,OERL,463969.0,5267482.78,0.91,Sell,4575.0,
323,2021-04-21,PRNT,NUVASIVE INC,NUVA,78054.0,5376359.52,0.93,Sell,768.0,
324,2021-04-21,PRNT,MOOG INC-CLASS A,MOG/A,62485.0,5243741.2,0.91,Sell,615.0,
325,2021-04-21,PRNT,MEDTRONIC PLC,MDT UN,42765.0,5485894.2,0.95,Sell,420.0,
326,2021-04-21,PRNT,UNITED PARCEL SERVICE-CL B,UPS,29961.0,5383692.09,0.93,Sell,294.0,
327,2021-04-21,PRNT,GENERAL ELECTRIC CO,GE,397119.0,5186374.14,0.9,Sell,3918.0,
328,2021-04-21,PRNT,KAISER ALUMINUM CORP,KALU,47245.0,5146870.3,0.89,Sell,465.0,
329,2021-04-21,PRNT,ULTRA CLEAN HOLDINGS INC,UCTT,98240.0,4955225.6,0.86,Sell,969.0,
330,2021-04-21,PRNT,ARCONIC CORP,ARNC,196041.0,4902985.41,0.85,Sell,1932.0,
331,2021-04-21,PRNT,EVONIK INDUSTRIES AG,EVK,20149.0,724751.03,0.13,Sell,198.0,
332,2021-04-21,PRNT,ALLEGHENY TECHNOLOGIES INC,ATI,33046.0,710489.0,0.12,Sell,324.0,
333,2021-04-21,PRNT,SANDVIK AB,SAND,26072.0,698030.21,0.12,Sell,255.0,
334,2021-04-21,PRNT,ARKEMA,AKE,5849.0,733430.17,0.13,Sell,57.0,
335,2021-04-21,PRNT,KONINKLIJKE DSM NV,DSM,4113.0,745653.87,0.13,Sell,39.0,
336,2021-04-21,PRNT,XEROX HOLDINGS CORP,XRX UN,29610.0,702053.1,0.12,Sell,291.0,
337,2021-04-21,PRNT,DUPONT DE NEMOURS INC,DD,9501.0,713810.13,0.12,Sell,93.0,
338,2021-04-21,PRNT,EASTMAN CHEMICAL CO,EMN,6388.0,715903.16,0.12,Sell,63.0,
339,2021-04-21,PRNT,VOESTALPINE AG,VOE,16624.0,722191.15,0.13,Sell,162.0,
340,2021-04-21,PRNT,HENKEL AG & CO KGAA VORZUG,HEN3,6277.0,715791.62,0.12,Sell,60.0,
341,2021-04-21,PRNT,EASTMAN KODAK CO,KODK,100887.0,717306.57,0.12,Sell,993.0,
342,2021-04-21,PRNT,HEXCEL CORP,HXL,13047.0,747332.16,0.13,Sell,126.0,
343,2021-04-21,PRNT,TORAY INDUSTRIES INC,3402,115108.0,734407.89,0.13,Sell,900.0,
344,2021-04-21,PRNT,SGL CARBON SE,SGL,97290.0,681397.63,0.12,Sell,957.0,
345,2021-04-21,PRNT,PYROGENESIS CANADA INC,PYR,137921.0,673532.08,0.12,Sell,1200.0,
346,2021-04-21,PRNT,CARPENTER TECHNOLOGY,CRS,17540.0,683007.6,0.12,Sell,171.0,
347,2021-04-21,PRNT,3M CO,MMM,3595.0,712888.5,0.12,Sell,33.0,
348,2021-04-21,IZRL,INTERCURE LTD,INCR,1058456.86,8141475.03,2.45,Sell,28692.0,
349,2021-04-21,IZRL,E & M COMPUTING,EMCO,1167232.0,8217112.25,2.48,Sell,9027.0,
350,2021-04-21,IZRL,DANEL (ADIR YEOSHUA) LTD,DANE,36756.0,6499984.62,1.96,Sell,1459.0,
351,2021-04-21,IZRL,ELECTRA CONSUMER PRODUCTS 19,ECP,131202.0,6133385.82,1.85,Sell,11032.0,
352,2021-04-21,IZRL,FATTAL HOLDINGS 1998 LTD,FTAL,59260.0,6218518.22,1.87,Hold,0.0,-1.1552712650562131
353,2021-04-21,IZRL,MALAM - TEAM LTD,MLTM,208480.0,6181625.96,1.86,Sell,2317.0,
354,2021-04-21,IZRL,TARO PHARMACEUTICAL INDUS,TARO,82394.0,6259472.18,1.89,Hold,0.0,0.07904096956922135
355,2021-04-21,IZRL,CYBERARK SOFTWARE LTD/ISRAEL,CYBR,42170.0,5985609.8,1.8,Hold,0.0,-3.7629669808122586
356,2021-04-21,IZRL,UROGEN PHARMA LTD,URGN UQ,340231.0,6369124.32,1.92,Hold,0.0,1.9052803483941299
357,2021-04-21,IZRL,INMODE LTD,INMD,71810.0,6031321.9,1.82,Hold,0.0,-2.3939570017431664
358,2021-04-21,IZRL,PLASSON INDUSTRIES LTD,PLSN,120812.0,6331343.93,1.91,Buy,688.0,
359,2021-04-21,IZRL,CHECK POINT SOFTWARE TECH,CHKP,51421.0,6121155.84,1.84,Hold,0.0,-0.11746937405605636
360,2021-04-21,IZRL,RADWARE LTD,RDWR,211804.0,6131725.8,1.85,Hold,0.0,-0.1724137931034513
361,2021-04-21,IZRL,MATRIX IT LTD,MTRX,232793.0,5913794.19,1.78,Sell,7432.0,
362,2021-04-21,IZRL,ALLOT LTD,ALLT,345523.0,6012100.2,1.81,Hold,0.0,-1.0238907849829297
363,2021-04-21,IZRL,POLYPID LTD,PYPD,630761.0,6042690.38,1.82,Buy,7208.0,
364,2021-04-21,IZRL,NICE LTD - SPON ADR,NICE,25646.0,6112467.64,1.84,Hold,0.0,1.468772616969633
365,2021-04-21,IZRL,ITURAN LOCATION AND CONTROL,ITRN,280424.0,5989856.64,1.81,Hold,0.0,-0.65116279069768
366,2021-04-21,IZRL,ELBIT SYSTEMS LTD,ESLT,42187.0,6017632.05,1.81,Hold,0.0,-0.4089094791467194
367,2021-04-21,IZRL,PARTNER COMMUNICATIONS CO,PTNR,1315531.0,5785666.09,1.74,Buy,4577.0,
368,2021-04-21,IZRL,HILAN LTD,HLAN,116177.0,5816889.31,1.75,Sell,4205.0,
369,2021-04-21,IZRL,ONE SOFTWARE TECHNOLOGIES LT,ONE,46165.0,5953247.58,1.79,Hold,0.0,-0.5239024245400575
370,2021-04-21,IZRL,SILICOM LTD,SILC,133443.0,5904852.75,1.78,Hold,0.0,-0.9623992837958856
371,2021-04-21,IZRL,WIX.COM LTD,WIX,20680.0,6009194.4,1.81,Hold,0.0,0.5258423856638854
372,2021-04-21,IZRL,BET SHEMESH ENGINES HOLDINGS,BSEN,277110.0,6052699.43,1.82,Buy,3367.0,
373,2021-04-21,IZRL,ENLIVEX THERAPEUTICS LTD,ENLV,553857.0,5333642.91,1.61,Hold,0.0,-9.40733772342427
374,2021-04-21,IZRL,SAPIENS INTERNATIONAL CORP,SPNS,182596.0,5715254.8,1.72,Hold,0.0,-3.3652361840074194
375,2021-04-21,IZRL,NOVA MEASURING INSTRUMENTS,NVMI,63233.0,5693499.32,1.72,Hold,0.0,-3.380191007618831
376,2021-04-21,IZRL,AUDIOCODES LTD,AUDC,193493.0,5756416.75,1.73,Hold,0.0,-0.5349381477766614
377,2021-04-21,IZRL,BEZEQ THE ISRAELI TELECOM CO,BEZQ,5704447.0,5993046.58,1.81,Hold,0.0,3.601725493812104
378,2021-04-21,IZRL,TOWER SEMICONDUCTOR LTD,TSEM,201962.0,5707446.12,1.72,Hold,0.0,-1.2578616352201308
379,2021-04-21,IZRL,ARAD LTD,ARD,398489.0,5867954.27,1.77,Buy,7756.0,
380,2021-04-21,IZRL,KORNIT DIGITAL LTD,KRNT,57808.0,5649575.84,1.7,Hold,0.0,-2.2602260226022617
381,2021-04-21,IZRL,GILAT SATELLITE NETWORKS LTD,GILT,598069.0,5568022.39,1.68,Hold,0.0,-3.322949117341642
382,2021-04-21,IZRL,FIVERR INTERNATIONAL LTD,FVRR,27088.0,5651098.56,1.7,Hold,0.0,-1.608262981653541
383,2021-04-21,IZRL,REDHILL BIOPHARMA LTD-SP ADR,RDHL,847214.0,5574668.12,1.68,Hold,0.0,-2.949852507374628
384,2021-04-21,IZRL,TEVA PHARMACEUTICAL-SP ADR,TEVA,551312.0,5573764.32,1.68,Hold,0.0,-1.6536964980544753
385,2021-04-21,IZRL,CERAGON NETWORKS LTD,CRNT,1643363.0,5423097.9,1.63,Hold,0.0,-3.508771929824554
386,2021-04-21,IZRL,JFROG LTD,FROG,115428.0,5512841.28,1.66,Hold,0.0,-1.7283950617283872
387,2021-04-21,IZRL,RADA ELECTRONIC INDS LTD,RADA,456837.0,5491180.74,1.65,Hold,0.0,-1.6366612111292864
388,2021-04-21,IZRL,DARIOHEALTH CORP,DRIO,322845.0,5333399.4,1.61,Hold,0.0,-4.1207196749854775
389,2021-04-21,IZRL,PERION NETWORK LTD,PERI,354089.0,5343203.01,1.61,Hold,0.0,-3.3930857874519833
390,2021-04-21,IZRL,SOLAREDGE TECHNOLOGIES INC,SEDG,22532.0,5494878.84,1.66,Hold,0.0,-0.4043126684636065
391,2021-04-21,IZRL,BATM ADVANCED COMMUNICATIONS,BATM,4162289.0,5418720.39,1.63,Buy,38420.0,
392,2021-04-21,IZRL,CAMTEK LTD,CAMT,179751.0,5514760.68,1.66,Hold,0.0,0.8878658336073578
393,2021-04-21,IZRL,ITAMAR MEDICAL LTD,ITMR,6875221.0,5632965.94,1.7,Buy,204407.0,
394,2021-04-21,IZRL,GAMIDA CELL LTD,GMDA,741409.0,5471598.42,1.65,Hold,0.0,1.5130674002751074
395,2021-04-21,IZRL,KAMADA LTD,KMDA,956296.0,5811597.4,1.75,Buy,75805.0,
396,2021-04-21,IZRL,MAGIC SOFTWARE ENTERPRISES,MGIC,345167.0,5543478.62,1.67,Buy,11487.0,
397,2021-04-21,IZRL,NANO-X IMAGING LTD,NNOX,166444.0,5068219.8,1.53,Hold,0.0,-6.105457909343203
398,2021-04-21,IZRL,NANO DIMENSION LTD - ADR,NNDM,789242.0,5635187.88,1.7,Hold,0.0,7.530120481927711
399,2021-04-21,IZRL,AUGWIND ENERGY TECH STORAGE,BIMCM,207611.0,5300896.58,1.6,Buy,4744.0,
400,2021-04-21,IZRL,CELLCOM ISRAEL LTD,CEL,1453867.0,5186792.93,1.56,Buy,75885.0,
401,2021-04-21,IZRL,ROBOGROUP T.E.K LTD,ROBO,2757860.0,4677717.33,1.41,Buy,84643.0,
402,2021-04-21,IZRL,EVOGENE LTD,EVGN,918734.0,3913414.09,1.18,Hold,0.0,3.2930486087354836
403,2021-04-21,IZRL,COMPUGEN LTD,CGEN,429887.0,3546567.75,1.07,Hold,0.0,-0.48250904704463154
404,2021-04-21,IZRL,STRATASYS LTD,SSYS,155942.0,3260747.22,0.98,Hold,0.0,-1.321378008494566
405,2021-04-21,IZRL,PLURISTEM THERAPEUTICS INC,PSTI,716911.0,3054040.86,0.92,Hold,0.0,3.9024390243902363
